experiment,od550aer,abs550aer,angstrm550_865,ssa550,ccns.3,ccncol.3,cdnc_incl_ct,clt,cllvi,clivi,pr,scre,lcre,fnet
base,1.5003e-01,4.8350e-03,9.1660e-01,9.6668e-01,1.5780e+08,8.3684e+15,4.6576e+07,6.8932e-01,9.9812e-02,1.0659e-02,3.5006e-05,-5.4595e+01,2.8760e+01,-7.2572e+00
emi_ant_bc_H,1.5000e-01,5.1753e-03,9.1776e-01,9.6407e-01,1.6065e+08,8.3700e+15,4.5888e+07,6.8923e-01,9.9691e-02,1.0668e-02,3.4959e-05,-5.4652e+01,2.8829e+01,-7.1956e+00
emi_ant_bc_L,1.4959e-01,4.6871e-03,9.1761e-01,9.6773e-01,1.5635e+08,8.3678e+15,4.5469e+07,6.8856e-01,9.9542e-02,1.0675e-02,3.5020e-05,-5.4471e+01,2.8775e+01,-7.1262e+00
emi_ant_oc_H,1.4994e-01,4.8379e-03,9.2258e-01,9.6670e-01,1.6635e+08,8.3720e+15,4.7295e+07,6.8831e-01,1.0009e-01,1.0657e-02,3.4924e-05,-5.4708e+01,2.8822e+01,-7.2893e+00
emi_ant_oc_L,1.4945e-01,4.8231e-03,9.1572e-01,9.6662e-01,1.5341e+08,8.3666e+15,4.5079e+07,6.8793e-01,9.9307e-02,1.0653e-02,3.4975e-05,-5.4489e+01,2.8804e+01,-7.0756e+00
emi_ant_so2_H,1.5412e-01,4.8243e-03,9.2050e-01,9.6791e-01,1.7079e+08,8.3733e+15,4.8576e+07,6.8929e-01,1.0021e-01,1.0668e-02,3.5000e-05,-5.4685e+01,2.8745e+01,-7.4401e+00
emi_ant_so2_L,1.4766e-01,4.8226e-03,9.1586e-01,9.6595e-01,1.5142e+08,8.3660e+15,4.5396e+07,6.8894e-01,9.9494e-02,1.0639e-02,3.4989e-05,-5.4586e+01,2.8808e+01,-7.1439e+00
emi_bb_bc_H,1.5168e-01,6.4741e-03,9.1145e-01,9.5980e-01,1.5817e+08,8.3693e+15,4.5353e+07,6.8976e-01,1.0024e-01,1.0654e-02,3.4915e-05,-5.4817e+01,2.8776e+01,-7.3397e+00
emi_bb_bc_L,1.4963e-01,4.3513e-03,9.1968e-01,9.6906e-01,1.5804e+08,8.3682e+15,4.6341e+07,6.8836e-01,9.9792e-02,1.0622e-02,3.5000e-05,-5.4534e+01,2.8703e+01,-7.2884e+00
emi_bb_oc_H,1.6482e-01,5.3312e-03,9.3620e-01,9.6886e-01,1.6826e+08,8.3790e+15,5.0342e+07,6.8883e-01,1.0013e-01,1.0639e-02,3.4897e-05,-5.4612e+01,2.8782e+01,-7.4530e+00
emi_bb_oc_L,1.4602e-01,4.6415e-03,9.0845e-01,9.6553e-01,1.5245e+08,8.3626e+15,4.4936e+07,6.8879e-01,9.9567e-02,1.0681e-02,3.4977e-05,-5.4563e+01,2.8822e+01,-7.0621e+00
emi_bb_so2_H,1.5216e-01,4.8372e-03,9.1910e-01,9.6775e-01,1.6676e+08,8.3781e+15,4.7084e+07,6.8933e-01,9.9882e-02,1.0672e-02,3.4973e-05,-5.4666e+01,2.8731e+01,-7.3811e+00
emi_bb_so2_L,1.4929e-01,4.8265e-03,9.1639e-01,9.6630e-01,1.5387e+08,8.3640e+15,4.5900e+07,6.8971e-01,9.9812e-02,1.0659e-02,3.5000e-05,-5.4642e+01,2.8785e+01,-7.2559e+00
emi_dms_H,1.6668e-01,4.8279e-03,9.0069e-01,9.6898e-01,1.7042e+08,8.3754e+15,5.4737e+07,6.9013e-01,1.0363e-01,1.0664e-02,3.4932e-05,-5.5567e+01,2.8833e+01,-8.5215e+00
emi_dms_L,1.4254e-01,4.8292e-03,9.2626e-01,9.6528e-01,1.5237e+08,8.3654e+15,4.2625e+07,6.8795e-01,9.7977e-02,1.0638e-02,3.5028e-05,-5.4098e+01,2.8644e+01,-6.6911e+00
emi_ss_acc_H,1.8379e-01,4.8367e-03,9.6047e-01,9.6949e-01,2.0572e+08,8.3822e+15,6.1485e+07,6.9353e-01,1.1233e-01,1.0702e-02,3.4923e-05,-5.6413e+01,2.8937e+01,-9.5553e+00
emi_ss_acc_L,1.3515e-01,4.8274e-03,8.5428e-01,9.6424e-01,1.3789e+08,8.3631e+15,4.3473e+07,6.8885e-01,9.1764e-02,1.0660e-02,3.5013e-05,-5.3689e+01,2.8808e+01,-5.9780e+00
emi_ss_coarse_H,1.7043e-01,4.8344e-03,7.8842e-01,9.6822e-01,1.5839e+08,8.3685e+15,4.5518e+07,6.9092e-01,9.9338e-02,1.0653e-02,3.4987e-05,-5.4375e+01,2.8801e+01,-7.4918e+00
emi_ss_coarse_L,1.4036e-01,4.8337e-03,1.0335e+00,9.6567e-01,1.5764e+08,8.3682e+15,4.6552e+07,6.8812e-01,1.0010e-01,1.0662e-02,3.5016e-05,-5.4720e+01,2.8761e+01,-7.1314e+00
emi_ss_expo_H,1.9204e-01,4.8437e-03,8.7072e-01,9.6963e-01,1.9515e+08,8.3796e+15,5.4588e+07,6.9255e-01,1.0962e-01,1.0690e-02,3.4989e-05,-5.5862e+01,2.8909e+01,-9.2576e+00
emi_ss_expo_L,1.3380e-01,4.8248e-03,9.5650e-01,9.6433e-01,1.4394e+08,8.3645e+15,4.4943e+07,6.8786e-01,9.4409e-02,1.0653e-02,3.4978e-05,-5.3935e+01,2.8667e+01,-6.2960e+00
emi_du_H,1.5921e-01,5.0635e-03,9.1094e-01,9.6684e-01,1.5801e+08,8.3684e+15,4.5828e+07,6.8920e-01,9.9451e-02,1.0655e-02,3.4977e-05,-5.4508e+01,2.8814e+01,-7.2450e+00
emi_du_L,1.4539e-01,4.7194e-03,9.2221e-01,9.6648e-01,1.5776e+08,8.3682e+15,4.6373e+07,6.8924e-01,9.9932e-02,1.0636e-02,3.4996e-05,-5.4706e+01,2.8790e+01,-7.2539e+00
emi_cmr_bb_H,1.5002e-01,4.8295e-03,9.1197e-01,9.6678e-01,1.5096e+08,8.3631e+15,4.4870e+07,6.8921e-01,9.9457e-02,1.0642e-02,3.4981e-05,-5.4503e+01,2.8769e+01,-7.1427e+00
emi_cmr_bb_L,1.4816e-01,4.7178e-03,9.1857e-01,9.6626e-01,1.7752e+08,8.3805e+15,5.1009e+07,6.8898e-01,1.0051e-01,1.0638e-02,3.4961e-05,-5.4770e+01,2.8652e+01,-7.5084e+00
emi_cmr_ff_H,1.4986e-01,4.8335e-03,9.1671e-01,9.6660e-01,1.5477e+08,8.3670e+15,4.5794e+07,6.8921e-01,9.9779e-02,1.0652e-02,3.5019e-05,-5.4610e+01,2.8718e+01,-7.3132e+00
emi_cmr_ff_L,1.4975e-01,4.8037e-03,9.1840e-01,9.6674e-01,1.7093e+08,8.3736e+15,4.8806e+07,6.8963e-01,1.0074e-01,1.0665e-02,3.4957e-05,-5.4833e+01,2.8876e+01,-7.3611e+00
rad_bc_ni_H,1.4983e-01,5.6555e-03,9.1184e-01,9.6026e-01,1.5745e+08,8.3683e+15,4.6746e+07,6.8869e-01,9.9652e-02,1.0648e-02,3.4937e-05,-5.4599e+01,2.8715e+01,-7.1805e+00
rad_bc_ni_L,1.4885e-01,2.4250e-03,9.3102e-01,9.8556e-01,1.5865e+08,8.3679e+15,4.6431e+07,6.8941e-01,9.9955e-02,1.0653e-02,3.5109e-05,-5.4862e+01,2.8839e+01,-7.7282e+00
rad_oc_ni_H,1.5172e-01,7.3382e-03,8.5342e-01,9.4835e-01,1.5696e+08,8.3692e+15,4.5366e+07,6.8842e-01,9.9530e-02,1.0624e-02,3.4670e-05,-5.4237e+01,2.8700e+01,-6.4610e+00
rad_oc_ni_L,1.4975e-01,4.5619e-03,9.2442e-01,9.6871e-01,1.5788e+08,8.3682e+15,4.7770e+07,6.8923e-01,1.0004e-01,1.0672e-02,3.5020e-05,-5.4770e+01,2.8808e+01,-7.4423e+00
rad_du_ni_H,1.5386e-01,1.1716e-02,9.1619e-01,9.4756e-01,1.5753e+08,8.3694e+15,4.6730e+07,6.8911e-01,1.0008e-01,1.0579e-02,3.4468e-05,-5.4428e+01,2.8783e+01,-5.7585e+00
rad_du_ni_L,1.4963e-01,4.0258e-03,9.1721e-01,9.6893e-01,1.5775e+08,8.3682e+15,4.5848e+07,6.9008e-01,9.9967e-02,1.0660e-02,3.5097e-05,-5.4741e+01,2.8741e+01,-7.6329e+00
kappa_oc_H,1.6191e-01,4.8681e-03,9.2136e-01,9.7070e-01,1.5773e+08,8.3685e+15,4.6174e+07,6.8955e-01,9.9784e-02,1.0629e-02,3.4948e-05,-5.4529e+01,2.8728e+01,-7.4320e+00
kappa_oc_L,1.4855e-01,4.8236e-03,9.1585e-01,9.6594e-01,1.5774e+08,8.3683e+15,4.7030e+07,6.8925e-01,9.9904e-02,1.0651e-02,3.5004e-05,-5.4695e+01,2.8766e+01,-7.3270e+00
kappa_so4_H,1.6183e-01,4.8455e-03,9.0993e-01,9.6919e-01,1.5774e+08,8.3684e+15,4.6027e+07,6.8851e-01,9.9723e-02,1.0670e-02,3.4988e-05,-5.4424e+01,2.8814e+01,-7.2170e+00
kappa_so4_L,1.3086e-01,4.8023e-03,9.2054e-01,9.6118e-01,1.5760e+08,8.3680e+15,4.6708e+07,6.8941e-01,9.9329e-02,1.0652e-02,3.4985e-05,-5.4681e+01,2.8764e+01,-6.9580e+00
wetdep_bc_H,1.4534e-01,4.7598e-03,9.4283e-01,9.6586e-01,1.5735e+08,8.3680e+15,4.6519e+07,6.8894e-01,9.9828e-02,1.0675e-02,3.5023e-05,-5.4805e+01,2.8727e+01,-7.3831e+00
wetdep_bc_L,1.5196e-01,4.8608e-03,9.0030e-01,9.6721e-01,1.5765e+08,8.3684e+15,4.6071e+07,6.8959e-01,9.9934e-02,1.0630e-02,3.4973e-05,-5.4646e+01,2.8794e+01,-7.3198e+00
wetdep_ic_H,1.3766e-01,4.6790e-03,9.2205e-01,9.6506e-01,1.5564e+08,8.3591e+15,4.3285e+07,6.8831e-01,9.6683e-02,1.0643e-02,3.5052e-05,-5.3892e+01,2.8688e+01,-6.3214e+00
wetdep_ic_L,1.6551e-01,5.0215e-03,9.1084e-01,9.6840e-01,1.6022e+08,8.3804e+15,4.9965e+07,6.9054e-01,1.0328e-01,1.0664e-02,3.4934e-05,-5.5299e+01,2.8884e+01,-8.1784e+00
drydep_acc_H,1.3912e-01,4.5970e-03,8.8490e-01,9.6529e-01,9.9107e+07,8.3551e+15,3.5789e+07,6.8785e-01,9.3200e-02,1.0681e-02,3.5100e-05,-5.3314e+01,2.8855e+01,-5.6661e+00
drydep_acc_L,1.5173e-01,4.8707e-03,9.2277e-01,9.6686e-01,1.7173e+08,8.3707e+15,4.8847e+07,6.8886e-01,1.0076e-01,1.0626e-02,3.4932e-05,-5.4779e+01,2.8771e+01,-7.4508e+00
nuc_bl_ft_H,1.4979e-01,4.8215e-03,9.1888e-01,9.6655e-01,1.6081e+08,8.3692e+15,4.8288e+07,6.8842e-01,1.0005e-01,1.0656e-02,3.4973e-05,-5.4771e+01,2.8812e+01,-7.3627e+00
nuc_bl_ft_L,1.5006e-01,4.8334e-03,9.1522e-01,9.6683e-01,1.5371e+08,8.3668e+15,4.3618e+07,6.8938e-01,9.9470e-02,1.0636e-02,3.5020e-05,-5.4494e+01,2.8754e+01,-7.1627e+00
chem_dms_H,1.5134e-01,4.8301e-03,9.1494e-01,9.6682e-01,1.5878e+08,8.3689e+15,4.6982e+07,6.8933e-01,1.0013e-01,1.0675e-02,3.4990e-05,-5.4825e+01,2.8814e+01,-7.4651e+00
chem_dms_L,1.4789e-01,4.8325e-03,9.2009e-01,9.6633e-01,1.5623e+08,8.3673e+15,4.5388e+07,6.8887e-01,9.9204e-02,1.0646e-02,3.4982e-05,-5.4535e+01,2.8714e+01,-7.1850e+00
chem_so2_H,1.5219e-01,4.8222e-03,9.3335e-01,9.6751e-01,1.7083e+08,8.3837e+15,5.1195e+07,6.8898e-01,1.0080e-01,1.0663e-02,3.4960e-05,-5.4852e+01,2.8767e+01,-7.5469e+00
chem_so2_L,1.4732e-01,4.8410e-03,9.0547e-01,9.6584e-01,1.4768e+08,8.3565e+15,4.2978e+07,6.8885e-01,9.8805e-02,1.0635e-02,3.4960e-05,-5.4446e+01,2.8760e+01,-7.0484e+00
so4_coating_H,1.5046e-01,4.8668e-03,9.0756e-01,9.6636e-01,1.4892e+08,8.3618e+15,4.4688e+07,6.8851e-01,9.9375e-02,1.0666e-02,3.4970e-05,-5.4430e+01,2.8812e+01,-7.0487e+00
so4_coating_L,1.4887e-01,4.7780e-03,9.2651e-01,9.6702e-01,1.6302e+08,8.3721e+15,4.6317e+07,6.8926e-01,1.0012e-01,1.0641e-02,3.4992e-05,-5.4783e+01,2.8788e+01,-7.3675e+00
activ_aero_H,1.5098e-01,4.8324e-03,9.1150e-01,9.6687e-01,1.5770e+08,8.3682e+15,5.8248e+07,6.9086e-01,1.0746e-01,1.0636e-02,3.4912e-05,-5.6558e+01,2.8722e+01,-9.2564e+00
activ_aero_L,1.4845e-01,4.8208e-03,9.2445e-01,9.6639e-01,1.5796e+08,8.3685e+15,3.4202e+07,6.8731e-01,9.1111e-02,1.0664e-02,3.5143e-05,-5.2310e+01,2.8701e+01,-5.0338e+00
activ_cwturb_H,1.5064e-01,4.8344e-03,9.1306e-01,9.6687e-01,1.5828e+08,8.3687e+15,5.5344e+07,6.9776e-01,1.0644e-01,1.1174e-02,3.4577e-05,-5.8316e+01,3.2557e+01,-7.2299e+00
activ_cwturb_L,1.4827e-01,4.8152e-03,9.2374e-01,9.6630e-01,1.5704e+08,8.3680e+15,3.7740e+07,6.8037e-01,9.1657e-02,1.0315e-02,3.5297e-05,-5.0749e+01,2.5668e+01,-6.3778e+00
micro_ccraut_H,1.4025e-01,4.7915e-03,9.3773e-01,9.6441e-01,1.5446e+08,8.3654e+15,3.9202e+07,6.7924e-01,6.1994e-02,1.0735e-02,3.5387e-05,-4.7508e+01,2.8510e+01,-2.9784e-01
micro_ccraut_L,1.5505e-01,4.8513e-03,9.0506e-01,9.6771e-01,1.5944e+08,8.3697e+15,5.0192e+07,6.9666e-01,1.2898e-01,1.0637e-02,3.4706e-05,-5.8595e+01,2.8961e+01,-1.1081e+01
micro_ccraut_cdnc_expo_L,1.2220e-01,4.6682e-03,9.6406e-01,9.6046e-01,1.4767e+08,8.3580e+15,2.1931e+07,6.6775e-01,2.8145e-02,1.0808e-02,3.5827e-05,-3.8890e+01,2.8239e+01,8.3160e+00
micro_ccraut_cdnc_expo_H,1.5379e-01,4.8449e-03,9.0943e-01,9.6740e-01,1.5917e+08,8.3693e+15,4.9680e+07,6.9433e-01,1.2008e-01,1.0641e-02,3.4811e-05,-5.7347e+01,2.8890e+01,-9.9087e+00
micro_ccraut_lwp_expo_L,1.2890e-01,4.7246e-03,9.6405e-01,9.6126e-01,1.5128e+08,8.3613e+15,3.0082e+07,6.6382e-01,3.5226e-02,1.0786e-02,3.5624e-05,-3.8908e+01,2.7754e+01,7.7066e+00
micro_ccraut_lwp_expo_H,1.6474e-01,4.8827e-03,8.8488e-01,9.6944e-01,1.6430e+08,8.3717e+15,5.7242e+07,7.1399e-01,2.0889e-01,1.0575e-02,3.4082e-05,-6.6257e+01,2.9516e+01,-1.8223e+01
micro_ccsaut_H,1.4917e-01,4.8083e-03,9.1779e-01,9.6648e-01,1.5715e+08,8.3677e+15,4.6461e+07,6.7924e-01,9.9864e-02,7.0290e-03,3.5329e-05,-5.2483e+01,2.4794e+01,-8.9890e+00
micro_ccsaut_L,1.5299e-01,4.9413e-03,9.1854e-01,9.6765e-01,1.6076e+08,8.3728e+15,4.5507e+07,7.7778e-01,1.0127e-01,4.7590e-02,3.2245e-05,-7.4398e+01,6.0854e+01,5.1309e+00
micro_cvtfall_H,1.4994e-01,4.8344e-03,9.1741e-01,9.6676e-01,1.5793e+08,8.3686e+15,4.7036e+07,6.8880e-01,1.0183e-01,1.1393e-02,3.5004e-05,-5.4847e+01,2.8663e+01,-7.6123e+00
micro_cvtfall_L,1.4938e-01,4.8173e-03,9.1819e-01,9.6658e-01,1.5740e+08,8.3678e+15,4.6529e+07,6.9092e-01,9.7766e-02,9.6219e-03,3.4883e-05,-5.4443e+01,2.8975e+01,-6.8000e+00
cld_cov_crs_H,1.5118e-01,4.8331e-03,9.1471e-01,9.6688e-01,1.5706e+08,8.3685e+15,4.3890e+07,6.8355e-01,9.8027e-02,1.0641e-02,3.4839e-05,-5.3764e+01,2.8688e+01,-6.4990e+00
cld_cov_crs_L,1.4432e-01,4.8458e-03,9.2105e-01,9.6553e-01,1.6027e+08,8.3676e+15,5.7022e+07,7.2267e-01,1.1202e-01,1.0663e-02,3.5325e-05,-6.0392e+01,2.9266e+01,-1.2400e+01
cld_cov_crt_H,1.5165e-01,4.8167e-03,9.1799e-01,9.6692e-01,1.5622e+08,8.3687e+15,4.3420e+07,6.7718e-01,9.5033e-02,1.0983e-02,3.4878e-05,-5.2079e+01,2.8283e+01,-5.2112e+00
cld_cov_crt_L,1.4699e-01,4.8624e-03,9.1439e-01,9.6621e-01,1.6026e+08,8.3681e+15,5.1149e+07,7.1146e-01,1.0993e-01,1.1990e-02,3.5007e-05,-6.0374e+01,3.0216e+01,-1.1605e+01
conv_entrscv_H,1.4924e-01,4.8279e-03,9.1744e-01,9.6663e-01,1.5630e+08,8.3677e+15,4.4677e+07,6.8880e-01,9.8300e-02,1.0593e-02,3.4899e-05,-5.4339e+01,2.8731e+01,-6.9745e+00
conv_entrscv_L,1.3265e-01,4.7090e-03,9.5315e-01,9.6440e-01,1.6727e+08,8.3640e+15,3.8774e+07,6.7242e-01,8.2263e-02,1.1846e-02,3.4312e-05,-4.9564e+01,3.2708e+01,2.2710e+00
conv_entrmid_H,1.5034e-01,4.8470e-03,9.1892e-01,9.6666e-01,1.5796e+08,8.3692e+15,4.5813e+07,6.8712e-01,1.0025e-01,1.0506e-02,3.4978e-05,-5.4580e+01,2.8226e+01,-7.7718e+00
conv_entrmid_L,1.4856e-01,4.8004e-03,9.1641e-01,9.6661e-01,1.5748e+08,8.3670e+15,4.5543e+07,6.9199e-01,9.8958e-02,1.0671e-02,3.5066e-05,-5.4628e+01,2.9505e+01,-6.5132e+00
conv_entrpen_H,1.5377e-01,4.9115e-03,9.1499e-01,9.6688e-01,1.5934e+08,8.3716e+15,4.5891e+07,6.8336e-01,1.0580e-01,9.7936e-03,3.4878e-05,-5.4988e+01,2.7346e+01,-9.2482e+00
conv_entrpen_L,1.3248e-01,4.4254e-03,9.0677e-01,9.6482e-01,1.5328e+08,8.3491e+15,4.6112e+07,7.1004e-01,7.9381e-02,1.2079e-02,3.9071e-05,-5.3776e+01,3.5067e+01,-5.6134e-01
conv_cprcon_H,1.0805e-01,4.3198e-03,9.2865e-01,9.6153e-01,1.5083e+08,8.3421e+15,3.8265e+07,6.1291e-01,6.9446e-02,7.5152e-03,3.6852e-05,-4.1100e+01,2.2448e+01,-1.3876e-01
conv_cprcon_L,1.6909e-01,5.0871e-03,9.1542e-01,9.6798e-01,1.6124e+08,8.3822e+15,4.9661e+07,7.1638e-01,1.1292e-01,1.2415e-02,3.3821e-05,-5.9682e+01,3.1740e+01,-9.2961e+00
conv_cmfctop_H,1.4111e-01,4.8826e-03,9.4765e-01,9.6541e-01,1.5695e+08,8.3730e+15,3.2187e+07,6.3029e-01,8.2950e-02,1.0958e-02,3.4441e-05,-4.6080e+01,2.8270e+01,1.0259e+00
conv_cmfctop_L,1.5687e-01,4.8026e-03,8.8233e-01,9.6769e-01,1.6030e+08,8.3657e+15,5.5872e+07,7.3210e-01,1.1787e-01,1.0293e-02,3.5330e-05,-6.2058e+01,2.9093e+01,-1.4600e+01
cld_opt_cinhomi_H,1.5030e-01,4.8433e-03,9.1796e-01,9.6664e-01,1.5819e+08,8.3688e+15,4.5457e+07,6.9848e-01,1.0017e-01,1.0776e-02,3.4512e-05,-5.7851e+01,3.4285e+01,-5.0153e+00
cld_opt_cinhomi_L,1.4933e-01,4.8198e-03,9.1764e-01,9.6664e-01,1.5752e+08,8.3680e+15,4.6098e+07,6.8537e-01,9.9249e-02,1.0590e-02,3.5168e-05,-5.3240e+01,2.6612e+01,-8.0063e+00
cld_opt_cinhoml1_H,1.4963e-01,4.8266e-03,9.1756e-01,9.6670e-01,1.5761e+08,8.3684e+15,4.6951e+07,6.8974e-01,9.9567e-02,1.0638e-02,3.4983e-05,-5.5808e+01,2.8706e+01,-8.5086e+00
cld_opt_cinhoml1_L,1.4983e-01,4.8278e-03,9.1759e-01,9.6663e-01,1.5762e+08,8.3683e+15,4.6999e+07,6.8864e-01,9.9792e-02,1.0661e-02,3.5018e-05,-5.2925e+01,2.8766e+01,-5.5753e+00
cld_opt_cinhoml3_H,1.4961e-01,4.8299e-03,9.1828e-01,9.6666e-01,1.5742e+08,8.3685e+15,4.5114e+07,6.8730e-01,9.9315e-02,1.0639e-02,3.4858e-05,-5.6328e+01,2.8772e+01,-8.9285e+00
cld_opt_cinhoml3_L,1.4962e-01,4.8218e-03,9.1568e-01,9.6663e-01,1.5752e+08,8.3679e+15,4.6539e+07,6.8990e-01,9.9859e-02,1.0681e-02,3.5205e-05,-5.2225e+01,2.8806e+01,-4.8523e+00
turb_prandtl_H,1.5003e-01,4.8350e-03,9.1660e-01,9.6668e-01,1.5780e+08,8.3684e+15,4.6576e+07,6.8932e-01,9.9812e-02,1.0659e-02,3.5006e-05,-5.4595e+01,2.8760e+01,-7.2572e+00
turb_prandtl_L,1.4210e-01,4.7474e-03,9.2157e-01,9.6621e-01,1.4467e+08,8.3627e+15,5.0688e+07,6.8961e-01,9.7157e-02,1.1642e-02,4.1418e-05,-5.4050e+01,3.0408e+01,-5.2351e+00
